0205.JPG,1
0208.JPG,1
0219.jpg,1
0219.jpg.~1~,1
0220.JPG,1
0221.jpg,1
0221.jpg.~1~,1
0305.JPG,1
0307.jpg,1
0307.JPG,1
0321.JPG,1
0325.JPG,1
0422.JPG,1
0423.JPG,1
0426.JPG,1
0430.jpg,1
0509.JPG,1
0514.JPG,1
0523.JPG,1
0528.JPG,1
0530.jpg,1
0530.JPG,1
0530.JPG.~1~,1
0610.jpg,1
0611.JPG,1
0611.JPG.~1~,1
0620.JPG,1
0623.JPG,1
0624.JPG,1
0624.JPG.~1~,1
0624.JPG.~2~,1
0625.jpg,1
0625.JPG,1
0625.JPG.~1~,1
0625.JPG.~2~,1
0701.JPG,1
0701.JPG.~1~,1
0701.JPG.~2~,1
0701.JPG.~3~,1
0709.JPG,1
0709.JPG.~1~,1
0709.JPG.~2~,1
0715.JPG,1
0716.JPG,1
0718.JPG,1
0722.JPG,1
0722.JPG.~1~,1
0722.JPG.~2~,1
0722.JPG.~3~,1
0723.jpg,1
0723.JPG,1
0729.JPG,1
0806.JPG,1
0809.jpg,1
0810.JPG,1
0812.JPG,1
0813.JPG,1
0813.JPG.~1~,1
0819.JPG,1
0819.JPG.~1~,1
0819.JPG.~2~,1
0820.JPG,1
0820.JPG.~1~,1
0824.JPG,1
0826.JPG,1
0827.JPG,1
0827.JPG.~1~,1
0831.JPG,1
0902.JPG,1
0903.jpg,1
0903.JPG,1
0904.JPG,1
0905.JPG,1
0905.JPG.~1~,1
0906.JPG,1
0914.JPG,1
0915.jpg,1
0916.JPG,1
0916.JPG.~1~,1
0917.jpg,1
0917.JPG,1
0917.jpg.~1~,1
0921.jpg,1
0923.jpg,1
0924.JPG,1
0930.jpg,1
0930.JPG,1
1006.jpg,1
1015.jpg,1
1022.JPG,1
1026.JPG,1
1028.JPG,1
1030.jpg,1
1031.JPG,1
1111.jpg,1
1112.JPG,1
1120.jpg,1
1122.jpg,1
1123.JPG,1
1126.JPG,1
1127.jpg,1
1127.JPG,1
1128.JPG,1
1130.JPG,1
1218.jpg,1
1220.JPG,1
1226.jpg,1
30329.JPG,1
30419.JPG,1
30424.JPG,1
30511.JPG,1
30514.JPG,1
30528.JPG,1
30813.JPG,1
30821.JPG,1
30828.JPG,1
30904.JPG,1
30911.JPG,1
31001.JPG,1
31005.JPG,1
31008.JPG,1
31008.JPG.~1~,1
31011.JPG,1
31012.JPG,1
31012.JPG.~1~,1
31015.jpg,1
31015.JPG,1
31015.JPG.~1~,1
31018.JPG,1
31022.jpg,1
31022.JPG,1
31022.JPG.~1~,1
31026.JPG,1
31030.JPG,1
31031.JPG,1
31106.JPG,1
31107.JPG,1
31108.jpg,1
31108.JPG,1
31113.JPG,1
31115.JPG,1
31119.JPG,1
31122.JPG,1
31123.JPG,1
31127.JPG,1
31127.JPG.~1~,1
31205.JPG,1
31210.JPG,1
31212.jpg,1
31214.JPG,1
31217.JPG,1
31220.JPG,1
31220.JPG.~1~,1
31221.JPG,1
31226.JPG,1
31228.JPG,1
40103.JPG,1
40108.JPG,1
40110.JPG,1
40124.JPG,1
40124.JPG.~1~,1
40124.JPG.~2~,1
40204.JPG,1
40205.JPG,1
40207.JPG,1
40207.JPG.~1~,1
40213.JPG,1
40215.JPG,1
40215.JPG.~1~,1
40218.JPG,1
40219.JPG,1
40225.JPG,1
40225.JPG.~1~,1
40311.JPG,1
40311.JPG.~1~,1
40314.JPG,1
40408.JPG,1
40411.JPG,1
40521.JPG,1
40711.JPG,1
40711.JPG.~1~,1
40812.JPG,1
40820.JPG,1
40901.JPG,1
41014.JPG,1
41015.JPG,1
41017.JPG,1
41020.JPG,1
41024.JPG,1
41024.JPG.~1~,1
41031.JPG,1
41110.JPG,1
41112-1.JPG,1
41112.JPG,1
41117.JPG,1
41208.JPG,1
41215.JPG,1
41229.JPG,1
50112.JPG,1
50112.JPG.~1~,1
50123.JPG,1